{"cameraMode":{"drawMode":0,"name":"Shaded","section":"Shading Mode"},"sceneLighting":true,"audioPlay":false,"sceneViewState":{"m_AlwaysRefresh":false,"showFog":true,"showSkybox":true,"showFlares":true,"showImageEffects":true,"showParticleSystems":true,"showVisualEffectGraphs":true,"m_FxEnabled":true},"in2DMode":false,"pivot":{"x":-6.186059951782227,"y":5.288290977478027,"z":1.0538811683654786},"rotation":{"x":0.7363436818122864,"y":0.02352653071284294,"z":-0.025634128600358964,"w":0.6757288575172424},"size":6.758352756500244,"orthographic":true}